Department,CODE,item_name,Specification,UM,Purpose,Qty,received_date,AMOUNT,rr_number,supplier
MECHANICAL,412,SPRAY PAINT WHITE,PYLOX ,PC/S,-,3,11-Mar-26,375,,
MECHANICAL,1237,OXYGEN REFILL,0,TANK/S,MOTORPOOL USE,1,18-Jan-26,900,,
MECHANICAL,1238,ACETYLEN REFILL,0,TANK/S,MOTORPOOL USE,3,18-Jan-26,6000,,
ADMIN,2124,LPG 50 KG REFILL,0,TANK/S,KITCHEN COOKING PURPOSES,1,18-Jan-26,5600,,
ADMIN,1085,RUBBER BOND,0,BOX/ES,FINANCE USE,3,18-Jan-26,60,,
ADMIN,2124,LPG 50 KG REFILL,0,TANK/S,KITCHEN COOKING PURPOSES,1,18-Jan-26,5600,,
MECHANICAL,1237,OXYGEN REFILL,0,TANK/S,MOTORPOOL USE,2,18-Jan-26,1800,,
ADMIN,309,BOND PAPER A4,0,REAMS,ALL OFFICES USE,1,18-Jan-26,225,,
ADMIN,672,BOND PAPER LONG ordinary,0,REAM/S,ALL OFFICES USE,1,18-Jan-26,220,,
ADMIN,675,BROWN ENVELOPE LONG,0,PC/S,ALL OFFICES USE,100,18-Jan-26,600,,
COMREL,713,ROUND STEEL BAR 10MM,0,PC/S,BITAUGAN CONCRETE BRIDGE AND PATHWAYS,14,12-Jan-26,2450,,
COMREL,714,ROUND STEEL BAR 12MM,0,PC/S,BITAUGAN CONCRETE BRIDGE AND PATHWAYS,26,12-Jan-26,6500,,
TSG,589,COCO LUMBER 2X3X12,0,PC/S,CONSTRUCTION OF USED OIL STORAGE,15,18-Jan-26,2430,,
TSG,612,"CWN 3""",0,KG,CONSTRUCTION OF USED OIL STORAGE,25,18-Jan-26,2125,,
TSG,613,"CWN 2""",0,KG,CONSTRUCTION OF USED OIL STORAGE,25,18-Jan-26,2125,,
TSG,830,"G.I CORR. SHEET 12""X50",0,PC/S,CONSTRUCTION OF USED OIL STORAGE,20,18-Jan-26,17000,,
TSG,696,COCO LUMBER 2X4X12,0,PC/S,CONSTRUCTION OF USED OIL STORAGE,10,18-Jan-26,2160,,
TSG,697,"CWN 4""",0,KG,CONSTRUCTION OF USED OIL STORAGE,10,18-Jan-26,850,,
TSG,701,CEMENT,0,BAG/S,CONSTRUCTION OF USED OIL STORAGE,25,18-Jan-26,6000,,
TSG,1240,UMBRELLA NAIL,0,KG,CONSTRUCTION OF USED OIL STORAGE,25,18-Jan-26,2050,,
TSG,1522,"CWN 5""",0,KG,CONSTRUCTION OF USED OIL STORAGE,20,18-Jan-26,1800,,
TSG,713,ROUND STEEL BAR 10MM,0,PC/S,CONSTRUCTION OF USED OIL STORAGE,6,18-Jan-26,1050,,
TSG,714,ROUND STEEL BAR 12MM,0,PC/S,CONSTRUCTION OF USED OIL STORAGE,6,18-Jan-26,1500,,
ADMIN,1327,PRINTER REPAIR,0,UNIT/S,-,1,28-Feb-26,1500,,
TSG,589,COCO LUMBER 2X3X12,0,PC/S,MEPEO ACCOMODATION,28,08-Feb-26,4536,,
TSG,610,"PLYWOOD 1/4""",0,PC/S,MEPEO ACCOMODATION,10,08-Feb-26,4500,,
TSG,612,"CWN 3""",0,KG,MEPEO ACCOMODATION,3,20-Feb-26,255,,
TSG,697,"CWN 4""",0,KG,MEPEO ACCOMODATION,1,08-Feb-26,85,,
TSG,1106,"CWN 1 1/2""",0,KG,MEPEO ACCOMODATION,2,08-Feb-26,170,,
TSG,1384,"PLYWOOD 3/4""",0,PC/S,MEPEO ACCOMODATION,2,08-Feb-26,2900,,
TSG,612,"CWN 3""",0,KG,MEPEO ACCOMODATION,1,20-Feb-26,85,,
TSG,1106,"CWN 1 1/2""",0,KG,MEPEO ACCOMODATION,1,08-Feb-26,85,,
TSG,299,"PAINT BRUSH 2"" ",CHAMP,PC/S,MEPEO ACCOMODATION,1,08-Feb-26,45,,
TSG,688,FLAT WALL ENAMEL WHITE,0,GAL.,MEPEO ACCOMODATION,3,08-Feb-26,2400,,
TSG,693,OUTLET 2 GANG,0,PC/S,MEPEO ACCOMODATION,1,08-Feb-26,150,,
TSG,699,ELECTRICAL TAPE,0,PC/S,MEPEO ACCOMODATION,1,08-Feb-26,75,,
TSG,715,SEMI-GLOSS WHITE,0,GAL.,MEPEO ACCOMODATION,3,08-Feb-26,2550,,
TSG,1164,WIRE THHN 3.5MM,0,MTR/S,MEPEO ACCOMODATION,10,08-Feb-26,565,,
TSG,1476,PAINT THINNER,0,PC/S,MEPEO ACCOMODATION,3,08-Feb-26,180,,
TSG,301,BULB 13W 12V,FIREFLY,PC/S,MEPEO ACCOMODATION,1,08-Feb-26,110,,
TSG,307,FIREFLY RUBBER SOCKET,0,PC/S,MEPEO ACCOMODATION,1,08-Feb-26,45,,
TSG,1013,FLOORMAT,0,ROLL/S,ALL OFFICES USE,1,18-Jan-26,2000,,
TSG,2028,SWITCH 2 GANG  SURFACE TYPE,0,PC/S,MEPEO ACCOMODATION,1,08-Feb-26,150,,
COMREL,3227,BT D100 BK,0,PC/S,COMREL OFFICE USE,1,02-Jan-26,550,,
COMREL,3228,BT D100 M,0,PC/S,COMREL OFFICE USE,1,02-Jan-26,550,,
COMREL,3229,BT D100 Y,0,PC/S,COMREL OFFICE USE,1,02-Jan-26,550,,
COMREL,3230,BT D100 C,0,PC/S,COMREL OFFICE USE,1,02-Jan-26,550,,
TSG,894,CABLE TIE 4.6X250MM,0,PC/S,ELECTRICAL CONNECTION REPAIR/REHAB,150,08-Feb-26,450,,
TSG,1159,"STAPLE WIRE 1""",0,BOX/ES,ELECTRICAL CONNECTION REPAIR/REHAB,3,08-Feb-26,225,,
ENGINEERING,805,OIL CLOTH RED,0,ROLL/S,FOR 2026 MINING OPERATION CONSIDERING 20 VESSELS,1,07-Mar-26,910,,
ENGINEERING,806,OIL CLOTH ORANGE,0,ROLL/S,FOR 2026 MINING OPERATION CONSIDERING 20 VESSELS,1,07-Mar-26,910,,
ENGINEERING,807,OIL CLOTH YELLOW,0,ROLL/S,FOR 2026 MINING OPERATION CONSIDERING 20 VESSELS,1,07-Mar-26,910,,
ENGINEERING,808,OIL CLOTH GREEN,0,ROLL/S,FOR 2026 MINING OPERATION CONSIDERING 20 VESSELS,1,07-Mar-26,910,,
ENGINEERING,809,OIL CLOTH BLUE,0,ROLL/S,FOR 2026 MINING OPERATION CONSIDERING 20 VESSELS,1,07-Mar-26,910,,
ENGINEERING,810,OIL CLOTH WHITE,0,ROLL/S,FOR 2026 MINING OPERATION CONSIDERING 20 VESSELS,1,07-Mar-26,910,,
ENGINEERING,811,OIL CLOTH PINK,0,ROLL/S,FOR 2026 MINING OPERATION CONSIDERING 20 VESSELS,1,07-Mar-26,910,,
MECHANICAL,1120,TORQUE ROD BOLT,0,PC/S,-,12,06-Jan-26,3000,35496,GES
MECHANICAL,2800,BEARING 5203,0,PC/S,-,11,06-Jan-26,5280,35495,GES
MECHANICAL,64,AIR FILTER DA-320,0,PC/S,-,4,06-Jan-26,3800,35495,GES
MECHANICAL,698,BRAKE RIVETS STAR,0,PC/S,-,1000,06-Jan-26,50000,35496,GES
MECHANICAL,2998,COWL SHOCK ABSORBER WG1642440021/2 SM HOHAN,0,PC/S,-,3,06-Jan-26,5400,35494,M3J
MECHANICAL,3207,BELT B-60,0,PC/S,-,4,06-Jan-26,5000,35495,GES
WAREHOUSE,799,FLASHLIGHT ,BIG,PC/S,WATCHMAN USE,5,13-Jan-26,1625,,
MECHANICAL,3211,BEARING 5302,0,PC/S,FOR REHAB OF UNITS,4,06-Jan-26,3120,35495,GES
MECHANICAL,2748,RETURN SPRING WG9112340049,REAR,PC/S,FOR REHAB OF UNITS,50,10-Jan-26,22500,36010,ALPHATRUK
MECHANICAL,3233,SHOCK ABSORBER HS4286 RIGHT,0,PC/S,FOR REHAB OF UNITS,15,10-Jan-26,48375,36010,ALPHATRUK
MECHANICAL,3234,SHOCK ABSORBER 102513 LEFT,0,PC/S,FOR REHAB OF UNITS,15,10-Jan-26,45525,36010,ALPHATRUK
MECHANICAL,3235,CRANK CASE GASKET,0,PC/S,FOR REHAB OF UNITS,10,10-Jan-26,8500,36010,ALPHATRUK
MECHANICAL,3236,HEADLIGHT ASSY LEFT,0,PC/S,FOR REHAB OF UNITS,5,10-Jan-26,42500,36010,ALPHATRUK
MECHANICAL,3237,HEADLIGHT ASSY RIGHT,0,PC/S,FOR REHAB OF UNITS,5,10-Jan-26,42500,36010,ALPHATRUK
MECHANICAL,3238,MAIN/CENTER BUSHING HS3555 REPAIR KIT,0,PC/S,FOR REHAB OF UNITS,10,10-Jan-26,16100,36010,ALPHATRUK
MECHANICAL,3239,TRANSMISSION CABLE WG972524240204/2,0,PC/S,FOR REHAB OF UNITS,5,10-Jan-26,9000,36010,ALPHATRUK
MECHANICAL,3240,TRANSMISSION OIL SEAL ,0,PC/S,FOR REHAB OF UNITS,5,10-Jan-26,2400,36011,ALPHATRUK
MECHANICAL,230,ALTERNATOR VG1095094002,0,ASSY.,FOR REHAB OF UNITS,10,10-Jan-26,58000,36012,ALPHATRUK
MECHANICAL,3241,CLUTCH DRIVEN DISK ASSY,0,PC/S,FOR REHAB OF UNITS,10,10-Jan-26,95000,36013,ALPHATRUK
MECHANICAL,3242,BRAKE LINING 14 HOLES,0,PC/S,FOR REHAB OF UNITS,45,10-Jan-26,18000,36013,ALPHATRUK
MECHANICAL,3243,FRONT LEAF SPRING ASSY.,0,ASSY.,FOR REHAB OF UNITS,5,10-Jan-26,110000,36013,ALPHATRUK
MECHANICAL,2050,FUEL FILTER WK962/7,0,PC/S,FOR REHAB OF UNITS,30,10-Jan-26,48000,36014,ALPHATRUK
MECHANICAL,2118,FUEL FILTER  BEMAX VG1560080012,0,PC/S,FOR REHAB OF UNITS,30,10-Jan-26,19500,36014,ALPHATRUK
MECHANICAL,2120,OIL FILTER BEMAX VG61000070005,0,PC/S,FOR REHAB OF UNITS,50,10-Jan-26,32500,36014,ALPHATRUK
MECHANICAL,3244,FUEL INJECTOR,0,SET/S,FOR REHAB OF UNITS,30,10-Jan-26,96000,36014,ALPHATRUK
MECHANICAL,3245,RADIATOR ,0,PC/S,FOR REHAB OF UNITS,5,10-Jan-26,115000,36016,ALPHATRUK
MECHANICAL,1211,RUBBER DUMPER AZ9125520278,0,PC/S,FOR REHAB OF UNITS,10,10-Jan-26,40000,36016,ALPHATRUK
MECHANICAL,3246,RELEASE BEARING (2),0,PC/S,FOR REHAB OF UNITS,10,10-Jan-26,26000,36016,ALPHATRUK
ADMIN,2125,LPG 11 KG REFILL,0,TANK/S,KITCHEN COOKING PURPOSES,1,18-Jan-26,1250,,
MECHANICAL,901,CLOTH RUG,0,PC/S,DT'S AND TX'S RESCUE AND REPAIRS,100,07-Feb-26,1000,,ALPHATRUK
ASSAY,1381,"PAINT BRUSH 1""",0,PC/S,ASSAY LAB SAMPLING USE,4,08-Feb-26,80,,
ASSAY,3251,FUNNEL,0,PC/S,ASSAY LAB SAMPLING USE,3,11-Mar-26,165,,
MECHANICAL,3254,CRANK SHAFT SEAL ISUZU 4HJ1 NON-TURBO 8-97602379-0,REAR,PC/S,FT-02,1,14-Feb-26,3800,,M3J
TSG,584,"PLYWOOD 1/2""",0,PC/S,WATER REFILLING STATION,1,08-Feb-26,850,,
TSG,589,COCO LUMBER 2X3X12,0,PC/S,WATER REFILLING STATION,3,08-Feb-26,486,,
TSG,612,"CWN 3""",0,KG,SERVICE QUARTER GSMC (3 UNITS),25,08-Feb-26,2125,,
TSG,696,COCO LUMBER 2X4X12,0,PC/S,SERVICE QUARTER GSMC (3 UNITS),30,08-Feb-26,6480,,
TSG,697,"CWN 4""",0,KG,SERVICE QUARTER GSMC (3 UNITS),25,08-Feb-26,2125,,
TSG,830,"G.I CORR. SHEET 12""X50",0,PC/S,SERVICE QUARTER GSMC (3 UNITS),25,,21250,,
TSG,1106,"CWN 1 1/2""",0,KG,SERVICE QUARTER GSMC (3 UNITS),10,08-Feb-26,850,,
TSG,1240,UMBRELLA NAIL,0,KG,SERVICE QUARTER GSMC (3 UNITS),15,08-Feb-26,1230,,
TSG,1522,"CWN 5""",0,KG,SERVICE QUARTER GSMC (3 UNITS),14.5,08-Feb-26,1305,,
TSG,589,COCO LUMBER 2X3X12,0,PC/S,SERVICE QUARTER GSMC (3 UNITS),30,08-Feb-26,4860,,
TSG,590,COCO LUMBER 2X2X12,0,PC/S,SERVICE QUARTER GSMC (3 UNITS),60,08-Feb-26,6000,,
TSG,610,"PLYWOOD 1/4""",0,PC/S,SERVICE QUARTER GSMC (3 UNITS),17,08-Feb-26,7650,,
TSG,682,HARDIFLEX NAIL,0,KG,SERVICE QUARTER GSMC (3 UNITS),16.5,08-Feb-26,1980,,
TSG,831,"G.I CORR. SHEET 10""X40",0,PC/S,SERVICE QUARTER GSMC (3 UNITS),25,08-Feb-26,18750,,
TSG,998,KITCHEN SINK,0,PC/S,SERVICE QUARTER GSMC (3 UNITS),1,16-Feb-26,850,,
TSG,680,HARDIEFLEX 1/4,0,PC/S,SERVICE QUARTER GSMC (3 UNITS),20,08-Feb-26,11000,,
TSG,631,DOOR KNOB,0,SET/S,MEPEO ACCOMODATION,2,08-Feb-26,1500,,
ASSAY,300,"PAINT BRUSH 4""",0,PC/S,ASSAY LAB SAMPLING USE,17,08-Feb-26,2550,,
ASSAY,390,STEEL BRUSH,0,PC/S,ASSAY LAB SAMPLING USE,15,16-Feb-26,1125,,
ASSAY,630,WALIS TINGTING,0,PC/S,ASSAY LAB SAMPLING USE,9,23-Feb-26,450,,
ASSAY,1023,WALIS TAMBO,0,PC/S,ASSAY LAB SAMPLING USE,2,16-Feb-26,300,,
ASSAY,1303,FACE TOWEL,0,PC/S,ASSAY LAB SAMPLING USE,8,16-Feb-26,96,,
ASSAY,2128,FLOOR MAT RUG,0,PC/S,ASSAY LAB SAMPLING USE,4,16-Feb-26,200,,
ASSAY,2448,WD-40 382ML,0,BOT.,ASSAY LAB SAMPLING USE,5,,2400,,
ASSAY,582,FLASHDRIVE 32GB,0,PC/S,ASSAY LAB SAMPLING USE,1,11-Feb-26,280,,
ASSAY,2650,SPIN MOP,0,SET/S,ASSAY LAB SAMPLING USE,2,11-Feb-26,3160,,
NURSERY,983,WHEEL BORROW,0,PC/S,NURSERY USE,2,16-Feb-26,4730,,
NURSERY,1111,BOLO,0,PC/S,NURSERY USE,3,14-Feb-26,1050,,
NURSERY,1854,WHITE BOARD 4X6,0,PC/S,NURSERY USE,1,17-Feb-26,250,,
NURSERY,2754,CHAIN W/ LOCK,0,SET/S,NURSERY USE,3,14-Feb-26,630,,
TSG,610,"PLYWOOD 1/4""",0,PC/S,ASSAY LAB REPAIR,4,21-Jan-26,1800,,
TSG,1106,"CWN 1 1/2""",0,KG,ASSAY LAB REPAIR,3,08-Feb-26,255,,
TSG,2080,ELASTOSEAL,0,CAN/S,ASSAY LAB REPAIR,3,08-Feb-26,2010,,
TSG,610,"PLYWOOD 1/4""",0,PC/S,CONSTRUCTION OF KUBO AT A-14,8,08-Feb-26,3600,,
TSG,612,"CWN 3""",0,KG,CONSTRUCTION OF KUBO AT A-14,5,20-Feb-26,425,,
TSG,1240,UMBRELLA NAIL,0,KG,CONSTRUCTION OF KUBO AT A-14,2,08-Feb-26,164,,
TSG,1674,"G.I CORR. SHEET 8""x50 ft",0,PC/S,CONSTRUCTION OF KUBO AT A-14,8,08-Feb-26,6800,,
TSG,609,COCO LUMBER 2X6X12,0,PC/S,CAUSEWAY SAMPLE HOUSE CONSTRUCTION AND REPAIR,40,08-Feb-26,12000,,
TSG,612,"CWN 3""",0,KG,CAUSEWAY SAMPLE HOUSE CONSTRUCTION AND REPAIR,25,08-Feb-26,2125,,
TSG,697,"CWN 4""",0,KG,CAUSEWAY SAMPLE HOUSE CONSTRUCTION AND REPAIR,20,08-Feb-26,1700,,
TSG,1522,"CWN 5""",0,KG,CAUSEWAY SAMPLE HOUSE CONSTRUCTION AND REPAIR,15,16-Feb-26,1350,,
TSG,589,COCO LUMBER 2X3X12,0,PC/S,CAUSEWAY SAMPLE HOUSE CONSTRUCTION AND REPAIR,50,08-Feb-26,8100,,
TSG,830,"G.I CORR. SHEET 12""X50",0,PC/S,CAUSEWAY SAMPLE HOUSE CONSTRUCTION AND REPAIR,40,08-Feb-26,34000,,
TSG,1240,UMBRELLA NAIL,0,KG,CAUSEWAY SAMPLE HOUSE CONSTRUCTION AND REPAIR,20,08-Feb-26,1640,,
TSG,2080,ELASTOSEAL,0,CAN/S,CAUSEWAY SAMPLE HOUSE CONSTRUCTION AND REPAIR,2,,1340,,
MECHANICAL,3262,TIE ROD END 4D30,OPTIMUM,SET/S,SV-12 AND SV-13,2,02-Feb-26,3600,,M3J
TSG,591,"ORANGE PVC PIPE 4""",0,PC/S,KITCHEN WASTE/SANITARY LINE,5,08-Feb-26,5900,,
TSG,596,PVC WHE 4X4 ,ORANGE,PC/S,KITCHEN WASTE/SANITARY LINE,2,08-Feb-26,590,,
TSG,598,PVC ELBOW 4X45,ORANGE,PC/S,KITCHEN WASTE/SANITARY LINE,2,08-Feb-26,330,,
TSG,605,"CLEAN-OUT 4""",0,PC/S,KITCHEN WASTE/SANITARY LINE,3,08-Feb-26,450,,
TSG,2076,SOLVENT CEMENT 400 CC,0,CAN/S,KITCHEN WASTE/SANITARY LINE,1,08-Feb-26,350,,
SAFETY,3263,SAFETY SIGNAGES 3X3,0,PC/S,SAFETY SIGNAGES,5,08-Feb-26,1500,,
SAFETY,3263,SAFETY SIGNAGES 3X3,0,PC/S,SAFETY SIGNAGES,5,08-Feb-26,1500,,
SAFETY,3263,SAFETY SIGNAGES 3X3,0,PC/S,SAFETY SIGNAGES,5,08-Feb-26,1500,,
SAFETY,3263,SAFETY SIGNAGES 3X3,0,PC/S,SAFETY SIGNAGES,5,08-Feb-26,1500,,
SAFETY,3263,SAFETY SIGNAGES 3X3,0,PC/S,SAFETY SIGNAGES,5,08-Feb-26,1500,,
SAFETY,3263,SAFETY SIGNAGES 3X3,0,PC/S,SAFETY SIGNAGES,5,08-Feb-26,1500,,
SAFETY,3263,SAFETY SIGNAGES 3X3,0,PC/S,SAFETY SIGNAGES,4,08-Feb-26,1200,,
SAFETY,3264,SAFETY SIGNAGES 4X3,0,PC/S,SAFETY SIGNAGES,3,08-Feb-26,1050,,
SAFETY,3264,SAFETY SIGNAGES 4X3,0,PC/S,SAFETY SIGNAGES,2,08-Feb-26,700,,
SAFETY,1733,"LAMINATING FILM 12""",0,ROLL/S,SAFETY SIGNAGES,1,08-Feb-26,2808,,
COMREL,224,WELDING ROD E6013,0,BAG/S,CASUGURAN WATER SYSTEM 2025,0.5,15-Feb-26,260,,
COMREL,747,CUTTING DISC,0,PC/S,CASUGURAN WATER SYSTEM 2025,20,15-Feb-26,700,,
COMREL,3265,EPOXY PRIMER GREEN,0,GAL.,CASUGURAN WATER SYSTEM 2025,2,15-Feb-26,3160,,
COMREL,3186,EPOXY PRIMER GRAY,0,GAL.,CASUGURAN WATER SYSTEM 2025,28,15-Feb-26,28000,,
COMREL,3189,ANGLE BAR 2X2,0,PC/S,CASUGURAN WATER SYSTEM 2025,30,15-Feb-26,38400,,
COMREL,3266,PE BESTANK WT-2000,0,UNIT/S,CASUGURAN WATER SYSTEM 2025,1,15-Feb-26,43000,,
COMREL,3267,PE BESTANK WT-1000,0,UNIT/S,CASUGURAN WATER SYSTEM 2025,1,15-Feb-26,18500,,
COMREL,3268,WATER PUMP 1 HP,0,UNIT/S,CASUGURAN WATER SYSTEM 2025,2,15-Feb-26,46000,,
COMREL,3269,LEVEL CONTROL SWITCH,0,UNIT/S,CASUGURAN WATER SYSTEM 2025,2,15-Feb-26,1500,,
COMREL,3270,"PVC ELBOW 1""",0,PC/S,CASUGURAN WATER SYSTEM 2025,15,15-Feb-26,675,,
COMREL,3271,"PVC FEMALE ADUPTOR 1""",0,PC/S,CASUGURAN WATER SYSTEM 2025,4,15-Feb-26,180,,
COMREL,3272,"PVC MALE ADUPTOR 1""",0,PC/S,CASUGURAN WATER SYSTEM 2025,5,15-Feb-26,225,,
COMREL,1420,"PVC PIPE 1""",0,PC/S,CASUGURAN WATER SYSTEM 2025,5,15-Feb-26,1750,,
COMREL,3274,"P.E FEMALE ADUPTOR """,0,PC/S,CASUGURAN WATER SYSTEM 2025,5,15-Feb-26,375,,
COMREL,3275,"P.E MALE ADUPTOR 1""",0,PC/S,CASUGURAN WATER SYSTEM 2025,5,15-Feb-26,625,,
COMREL,607,SOLVENT CEMENT 200 CC,0,CAN/S,CASUGURAN WATER SYSTEM 2025,2,15-Feb-26,640,,
COMREL,1160,"TEFLON TAPE 1""",0,PC/S,CASUGURAN WATER SYSTEM 2025,10,15-Feb-26,300,,
COMREL,3273,"P.E PIPE 1""",0,ROLL/S,CASUGURAN WATER SYSTEM 2025,3,15-Feb-26,28500,,
COMREL,1038,"GATE VALVE 1/2"" STEEL",0,PC/S,CASUGURAN WATER SYSTEM 2025,20,15-Feb-26,11200,,
COMREL,2575,"PVC GATE VALVE 1""",0,PC/S,CASUGURAN WATER SYSTEM 2025,2,15-Feb-26,1240,,
COMREL,3276,"P.E TEE 1""",0,PC/S,CASUGURAN WATER SYSTEM 2025,7,15-Feb-26,1120,,
COMREL,1385,"PVC FEMALE ADUPTOR1/2""  SLUM BLUE",0,PC/S,CASUGURAN WATER SYSTEM 2025,40,15-Feb-26,1200,,
COMREL,3278,"P.E REDUCER 1""X1/2""",0,PC/S,CASUGURAN WATER SYSTEM 2025,20,15-Feb-26,3700,,
COMREL,2347,"P.E PIPE 1/2""",0,MTRS,CASUGURAN WATER SYSTEM 2025,40,15-Feb-26,1400,,
MECHANICAL,3279,BEARING 688808,0,PC/S,FOR DRILLING,2,14-Feb-26,3300,,M3J
MECHANICAL,1237,OXYGEN REFILL,0,TANK/S,MOTORPOOL USE,3,15-Feb-26,2700,,
MECHANICAL,1238,ACETYLEN REFILL,0,TANK/S,MOTORPOOL USE,1,24-Feb-26,2000,,
ADMIN,2124,LPG 50 KG REFILL,0,TANK/S,KITCHEN COOKING PURPOSES,1,08-Feb-26,5600,,
ADMIN,2125,LPG 11 KG REFILL,0,TANK/S,KITCHEN COOKING PURPOSES,1,08-Feb-26,1250,,
ASSAY,1544,WATER DISPENSER,0,UNIT/S,ASSAY LAB SAMPLING USE,1,16-Feb-26,1599,,
MECHANICAL,199,BRAKE SHOE VK-653,0,SET/S,SV-12 AND SV-13,12,13-Feb-26,3000,,M3J
TSG,589,COCO LUMBER 2X3X12,0,PC/S,KITCHEN AND LAUNDRY AREA ROOF REPAIR,10,20-Feb-26,1620,,
TSG,697,"CWN 4""",0,KG,KITCHEN AND LAUNDRY AREA ROOF REPAIR,5,08-Feb-26,425,,
TSG,830,"G.I CORR. SHEET 12""X50",0,PC/S,KITCHEN AND LAUNDRY AREA ROOF REPAIR,20,08-Feb-26,17000,,
TSG,1240,UMBRELLA NAIL,0,KG,KITCHEN AND LAUNDRY AREA ROOF REPAIR,6,08-Feb-26,492,,
TSG,766,FULL BODY HARNESS,0,PC/S,KITCHEN AND LAUNDRY AREA ROOF REPAIR,2,08-Feb-26,4400,,
SAFETY,3281,FIRE EXTINGUISHER 50 LBS REFILL,0,PC/S,MOTOR POOL AND DEPO 1,2,28-Feb-26,0,,
SAFETY,3282,FIRE EXTINGUEISHER 10 LBS REFILL,0,PC/S,OIL STORAGE,1,28-Feb-26,0,,
SAFETY,2237,FIRE EXTINGUISHER 5 LBS REFILL,0,PC/S,ESTABLISHMENTS,5,28-Feb-26,5000,,
TSG,224,WELDING ROD E6013,0,BAG/S,PHASE 1 CONSTRUCTION OF MOTORPOOL,5,18-Jan-26,2600,,
TSG,259,SHOVEL ,0,PC/S,PHASE 1 CONSTRUCTION OF MOTORPOOL,6,18-Jan-26,1500,,
TSG,395,GRINDING DISC,"7""",PC/S,PHASE 1 CONSTRUCTION OF MOTORPOOL,3,18-Jan-26,165,,
TSG,697,"CWN 4""",0,KG,PHASE 1 CONSTRUCTION OF MOTORPOOL,10,18-Jan-26,850,,
TSG,699,ELECTRICAL TAPE,0,PC/S,PHASE 1 CONSTRUCTION OF MOTORPOOL,10,18-Jan-26,750,,
TSG,713,ROUND STEEL BAR 10MM,0,PC/S,PHASE 1 CONSTRUCTION OF MOTORPOOL,10,18-Jan-26,1750,,
TSG,714,ROUND STEEL BAR 12MM,0,PC/S,PHASE 1 CONSTRUCTION OF MOTORPOOL,9,18-Jan-26,2250,,
TSG,747,CUTTING DISC,0,PC/S,PHASE 1 CONSTRUCTION OF MOTORPOOL,10,18-Jan-26,350,,
TSG,830,"G.I CORR. SHEET 12""X50",0,PC/S,PHASE 1 CONSTRUCTION OF MOTORPOOL,40,18-Jan-26,34000,,
TSG,894,CABLE TIE 4.6X250MM,0,PC/S,PHASE 1 CONSTRUCTION OF MOTORPOOL,100,18-Jan-26,300,,
TSG,939,ROUND STEEL BAR 16MM,0,PC/S,PHASE 1 CONSTRUCTION OF MOTORPOOL,24,18-Jan-26,10800,,
TSG,979,HACKSAW BLADE,0,PC/S,PHASE 1 CONSTRUCTION OF MOTORPOOL,5,18-Jan-26,400,,
TSG,996,JUNCTION BOX,0,PC/S,PHASE 1 CONSTRUCTION OF MOTORPOOL,8,18-Jan-26,400,,
TSG,1034,FIREFLY BULB 15W,0,PC/S,PHASE 1 CONSTRUCTION OF MOTORPOOL,3,18-Jan-26,750,,
TSG,1164,WIRE THHN 3.5MM,0,MTR/S,PHASE 1 CONSTRUCTION OF MOTORPOOL,150,18-Jan-26,8475,,
TSG,1165,UTILITY BOX,0,PC/S,PHASE 1 CONSTRUCTION OF MOTORPOOL,6,18-Jan-26,210,,
TSG,1250,"RECEPTACLE BULB 4  1/4""",0,PC/S,PHASE 1 CONSTRUCTION OF MOTORPOOL,3,18-Jan-26,450,,
TSG,2028,SWITCH 2 GANG  SURFACE TYPE,0,PC/S,PHASE 1 CONSTRUCTION OF MOTORPOOL,6,18-Jan-26,900,,
TSG,2079,"TEKSCREW 2"" ",0,PC/S,PHASE 1 CONSTRUCTION OF MOTORPOOL,250,18-Jan-26,625,,
TSG,2080,ELASTOSEAL,0,CAN/S,PHASE 1 CONSTRUCTION OF MOTORPOOL,5,18-Jan-26,3350,,
TSG,2216,CIRCUIT BREAKER 30A,0,PC/S,PHASE 1 CONSTRUCTION OF MOTORPOOL,1,18-Jan-26,860,,
TSG,2217,CIRCUIT BREAKER 20A,0,PC/S,PHASE 1 CONSTRUCTION OF MOTORPOOL,2,18-Jan-26,1290,,
TSG,2542,CIRCUIT BREAKER 15A,0,PC/S,PHASE 1 CONSTRUCTION OF MOTORPOOL,1,18-Jan-26,495,,
TSG,3133,CUIRCUIT BREAKER 60A ,0,PC/S,PHASE 1 CONSTRUCTION OF MOTORPOOL,1,18-Jan-26,495,,
TSG,3150,NYLON #80,0,ROLL/S,PHASE 1 CONSTRUCTION OF MOTORPOOL,2,18-Jan-26,740,,
TSG,3189,ANGLE BAR 2X2,0,PC/S,PHASE 1 CONSTRUCTION OF MOTORPOOL,40,18-Jan-26,51200,,
TSG,3283,FLOOD LIGHT 50W,0,PC/S,PHASE 1 CONSTRUCTION OF MOTORPOOL,2,18-Jan-26,2700,,
TSG,2018,"ROLLER BRUSH 6"" ",0,PC/S,-,5,18-Jan-26,750,,
NURSERY,1596,TARPAULIN 2X2,0,PC/S,NURSERY USE,17,11-Feb-26,2210,,
MECHANICAL,3157,1/4 ACRYLIC CLEAR 48X96,0,SHEET/S,-,2,20-Feb-26,15600,,MABUHAY GLASS
ENVI,1599,TARPAULIN 1.5X2,0,PC/S,SIGNAGES FOR HW/SWM/MOTOR POOL/SP FOR THE COMPLIANCE ON MMT,35,09-Feb-26,2625,,
ASSAY,284,STAND FAN,0,PC/S,ASSAY LAB AND SAMPLE PREP EQUIPMENTS,2,16-Feb-26,7956,,
ASSAY,751,"SEALER12""",0,SET/S,ASSAY LAB AND SAMPLE PREP EQUIPMENTS,2,20-Feb-26,7800,,
ASSAY,752,INDUSTRIAL FAN HEAVY DUTY,0,UNIT/S,ASSAY LAB AND SAMPLE PREP EQUIPMENTS,1,28-Feb-26,10400,,
ASSAY,983,WHEEL BORROW,0,PC/S,ASSAY LAB AND SAMPLE PREP EQUIPMENTS,2,16-Feb-26,4730,,
ASSAY,2133,CANISTER BIG,0,PC/S,ASSAY LAB AND SAMPLE PREP EQUIPMENTS,100,11-Mar-26,25000,,
COMREL,299,"PAINT BRUSH 2"" ",CHAMP,PC/S,CANAWAYON MILK AND RICE TO 50 SENIOR CITIZEN (BURIAL ASSISTANCE),1,16-Feb-26,45,,
COMREL,613,"CWN 2""",0,KG,CANAWAYON MILK AND RICE TO 50 SENIOR CITIZEN (BURIAL ASSISTANCE),0.5,16-Feb-26,42.5,,
COMREL,1106,"CWN 1 1/2""",0,KG,CANAWAYON MILK AND RICE TO 50 SENIOR CITIZEN (BURIAL ASSISTANCE),0.5,16-Feb-26,42.5,,
COMREL,688,FLAT WALL ENAMEL WHITE,0,GAL.,CANAWAYON MILK AND RICE TO 50 SENIOR CITIZEN (BURIAL ASSISTANCE),1,16-Feb-26,800,,
COMREL,1384,"PLYWOOD 3/4""",0,PC/S,CANAWAYON MILK AND RICE TO 50 SENIOR CITIZEN (BURIAL ASSISTANCE),2,16-Feb-26,2900,,
COMREL,942,SUGAR BROWN,0,PACK/S,-,2,28-Feb-26,170,,
COMREL,943,COFFEMATE 450G,0,PC/S,-,2,28-Feb-26,270,,
COMREL,944,NESCAFE 200G,0,PC/S,-,2,28-Feb-26,328,,
COMREL,1234,RICE,0,SACK/S,-,2,28-Feb-26,5460,,
COMREL,2182,BEAF LOAF,0,PC/S,-,8,28-Feb-26,200,,
COMREL,2183,CORNED BEEF,0,PC/S,-,8,28-Feb-26,200,,
COMREL,2184,CENTURY TUNA,0,PC/S,-,8,28-Feb-26,200,,
COMREL,2185,NOODLES,0,PC/S,-,12,28-Feb-26,180,,
ADMIN,1544,WATER DISPENSER,0,UNIT/S,VISITOR'S ROOM,2,12-Aug-26,3198,,
ADMIN,1723,PILLOW,0,PC/S,VISITOR'S ROOM,8,09-Feb-26,1200,,
ADMIN,2138,AIRCON 1.5 KOLIN,0,UNIT/S,STAFF HOUSE ROOM,1,,19165,,
ADMIN,3286,"FOAM 6""",0,PC/S,VISITOR'S ROOM,6,12-Feb-26,0,,
ADMIN,3289,SLIPPER FAMALE,0,PC/S,VISITOR'S ROOM,8,12-Feb-26,0,,
ADMIN,2126,PAILS,0,PC/S,VISITOR'S ROOM,2,15-Feb-26,300,,
ADMIN,3290,SLIPPER MALE,0,PC/S,VISITOR'S ROOM,8,12-Feb-26,0,,
ADMIN,3292,CURTAIN ROD,0,PC/S,VISITOR'S ROOM,4,16-Feb-26,0,,
ADMIN,3293,DOOR MAT,0,PC/S,VISITOR'S ROOM,2,16-Feb-26,0,,
ADMIN,3199,SOLAR LIGHT 100W,0,SET/S,KITCHEN MESSHAL,3,13-Feb-26,6600,,
ADMIN,3200,SOLAR LIGHT 200W,0,SET/S,KITCHEN MESSHAL,3,13-Feb-26,11700,,
ADMIN,3341,ORBIT CEILING FAN,0,UNIT/S,KITCHEN MESSHAL,4,09-Feb-26,0,,
ADMIN,3286,"FOAM 6""",0,PC/S,STAFF HOUSE ROOM,5,12-Feb-26,0,,
NURSERY,630,WALIS TINGTING,0,PC/S,NURSERY USE,5,24-Feb-26,250,,
ENGINEERING,980,LACQUER THINNER,0,BOT.,SHIPMENT FACE SAMPLING USE,24,16-Feb-26,1440,,
ENGINEERING,981,TWINE STRAW,0,ROLL/S,SHIPMENT FACE SAMPLING USE,5,16-Feb-26,450,,
WAREHOUSE,2067,SANDO BAG MEDIUM,0,PACK/S,-,1,14-Feb-26,350,,
WAREHOUSE,916,BED SHEET,0,PC/S,IN HOUSE PERSONNEL 2026 MINING SEASON,140,16-Feb-26,21700,,
WAREHOUSE,1070,MOSQUITO NET,0,PC/S,IN HOUSE PERSONNEL 2026 MINING SEASON,50,16-Feb-26,5000,,
WAREHOUSE,2497,BANIG/MAT,0,PC/S,IN HOUSE PERSONNEL 2026 MINING SEASON,100,16-Feb-26,0,,
ASSAY,579,STEEL EPOXY,DEVCON,PC/S,ASSAY LAB AND SAMPLE PREP EQUIPMENTS,5,28-Feb-26,1400,,
ASSAY,2785,ENGINE OIL TURBO MUTOL SAE 15W40,0,LTR/S,ASSAY LAB AND SAMPLE PREP EQUIPMENTS,1,28-Feb-26,320,,
SAFETY,770,WORKING GLOVES BLACK/THICK,0,PAIR/S ,-,100,22-Feb-26,6500,,
MECHANICAL,3296,PTO OIL SEAL 32X45X11 (2.3),0,PC/S,-,1,22-Feb-26,750,,M3J
TSG,609,COCO LUMBER 2X6X12,0,PC/S,PHASE 1 CONSTRUCTION OF MOTORPOOL,10,,3000,,
TSG,301,BULB 13W 12V,FIREFLY,PC/S,CAMP SITE ELECTRICAL CONNECTION,50,04-Feb-26,5500,,
TSG,584,"PLYWOOD 1/2""",0,PC/S,MA'AM LESLIE ROOM,2,08-Feb-26,1700,,
TSG,694,WIRE THHN 5.5MM,0,MTR/S,CAMP SITE ELECTRICAL CONNECTION,100,08-Feb-26,5667,,
TSG,1154,"PVC PIPE 1/2"" SLUM BLUE",0,PC/S,MA'AM LESLIE ROOM,2,16-Feb-26,250,,
TSG,696,COCO LUMBER 2X4X12,0,PC/S,CONSTRUCTION OF USED OIL STORAGE,6,08-Feb-26,1296,,
TSG,2080,ELASTOSEAL,0,CAN/S,CONSTRUCTION OF USED OIL STORAGE,1,08-Feb-26,670,,
ASSAY,266,TYLER SIEVE 120 MESH,0,PC/S,FOR 2026 MINING OPERATION CONSIDERING 20 VESSELS,16,28-Feb-26,24000,,
ASSAY,267,TYLER SIEVE 100 MESH,0,PC/S,FOR 2026 MINING OPERATION CONSIDERING 20 VESSELS,10,28-Feb-26,10000,,
ASSAY,2893,TYLER SIEVE #140,0,PC/S,FOR 2026 MINING OPERATION CONSIDERING 20 VESSELS,6,28-Feb-26,36600,,
ASSAY,3299,"8"" TYLER BRASS COVER",0,PC/S,FOR 2026 MINING OPERATION CONSIDERING 20 VESSELS,3,28-Feb-26,0,,
ASSAY,3300,"8"" TYLER BRASS PAN",0,PC/S,FOR 2026 MINING OPERATION CONSIDERING 20 VESSELS,3,28-Feb-26,0,,
ASSAY,3301,SILICA GEL BEADS,0,GRAM/S,FOR 2026 MINING OPERATION CONSIDERING 20 VESSELS,500,28-Feb-26,0,,
ASSAY,252,TOP LOADING BALANCE,0,UNIT/S,FOR 2026 MINING OPERATION CONSIDERING 20 VESSELS,1,28-Feb-26,23422,,
ASSAY,742,"PE PLASTIC SAMPLE BAG 16""X20""",0,PC/S,FOR 2026 MINING OPERATION CONSIDERING 20 VESSELS,17482,,174820,,
ASSAY,752,INDUSTRIAL FAN HEAVY DUTY,0,UNIT/S,FOR 2026 MINING OPERATION CONSIDERING 20 VESSELS,1,22-Feb-26,10400,,
WAREHOUSE,994,REQUISITON FORM,0,PAD/S,FOR 2026 MINING OPERATION CONSIDERING 20 VESSELS,23,17-Feb-26,1794,,
WAREHOUSE,2204,RECEIVING REPORT,0,PAD/S,FOR 2026 MINING OPERATION CONSIDERING 20 VESSELS,23,17-Feb-26,4485,,
MECHANICAL,413,SPRAY PAINT BLACK,BOSNY ,PC/S,FOR 2026 MINING OPERATION CONSIDERING 20 VESSELS,5,11-Mar-26,625,,
MECHANICAL,196,TAIL LIGHT WG9925810002,0,PC/S,FOR 2026 MINING OPERATION CONSIDERING 20 VESSELS,20,15-Feb-26,21960,,FUSION
MECHANICAL,1215,TAIL LIGHT WG9925810001,WG9925810001,PC/S,FOR 2026 MINING OPERATION CONSIDERING 20 VESSELS,20,15-Feb-26,21960,,FUSION
MECHANICAL,3328,MOTOR ASSY PROPEL 83F1,0,ASSY.,-,1,14-Feb-26,423780,029339,EQUIPRIME
MECHANICAL,1733,"LAMINATING FILM 12""",0,ROLL/S,ID TAGGING OF UNITS,1,20-Feb-26,2808,,
WAREHOUSE,1733,"LAMINATING FILM 12""",0,ROLL/S,LABELING OF MATERIALS (WAREHOUSE USE),1,20-Feb-26,2808,,
TSG,611,AMAKAN,0,PC/S,DRIVER'S QUARTER CONSTRUCTION,100,20-Feb-26,2000,,
TSG,631,DOOR KNOB,0,SET/S,ASSAY LAB REPAIR,1,20-Feb-26,750,,
MECHANICAL,3317,TRACK ROLLER 63F1,0,PC/S,-,4,01-Feb-26,65652,36022,EQUIPRIME
MECHANICAL,3317,TRACK ROLLER 63F1,0,PC/S,-,30,01-Feb-26,492390,36021,EQUIPRIME
MECHANICAL,2163,HYDRAULIC HOSE  YN42H03201DIR,0,PC/S,-,5,01-Feb-26,102150,36021,EQUIPRIME
MECHANICAL,2858,HYDRAULIC HOSE YN03H01805DIR,0,PC/S,-,5,01-Feb-26,58960,36021,EQUIPRIME
TSG,589,COCO LUMBER 2X3X12,0,PC/S,CONSTRUCTION OF OIL STORAGE,40,21-Jan-26,6480,,
TSG,610,"PLYWOOD 1/4""",0,PC/S,CONSTRUCTION OF OIL STORAGE,4,21-Jan-26,1800,,
TSG,696,COCO LUMBER 2X4X12,0,PC/S,CONSTRUCTION OF OIL STORAGE,30,21-Jan-26,6480,,
TSG,701,CEMENT,0,BAG/S,CONSTRUCTION OF OIL STORAGE,50,21-Jan-26,12000,,
TSG,830,"G.I CORR. SHEET 12""X50",0,PC/S,CONSTRUCTION OF OIL STORAGE,30,21-Jan-26,25500,,
TSG,2908,"HINGES 3""",0,PC/S,CONSTRUCTION OF OIL STORAGE,2,21-Jan-26,400,,
TSG,837,G.I PLAIN SHEET 40 GUAGE,0,PC/S,CONSTRUCTION OF OIL STORAGE,20,21-Jan-26,9600,,
TSG,697,"CWN 4""",0,KG,CONSTRUCTION OF OIL STORAGE,5,21-Jan-26,425,,
TSG,612,"CWN 3""",0,KG,CONSTRUCTION OF OIL STORAGE,10,21-Jan-26,850,,
TSG,613,"CWN 2""",0,KG,CONSTRUCTION OF OIL STORAGE,5,21-Jan-26,425,,
TSG,697,"CWN 4""",0,KG,CONSTRUCTION OF OIL STORAGE,5,21-Jan-26,425,,
TSG,1240,UMBRELLA NAIL,0,KG,CONSTRUCTION OF OIL STORAGE,15,21-Jan-26,1230,,
TSG,1522,"CWN 5""",0,KG,CONSTRUCTION OF OIL STORAGE,5,21-Jan-26,450,,
TSG,2080,ELASTOSEAL,0,CAN/S,CONSTRUCTION OF OIL STORAGE,1,21-Jan-26,670,,
TSG,2847,CYCLONE WIRE,0,PC/S,CONSTRUCTION OF OIL STORAGE,10,21-Jan-26,10000,,
TSG,612,"CWN 3""",0,KG,CONSTRUCTION OF OIL STORAGE,20,21-Jan-26,1700,,
TSG,613,"CWN 2""",0,KG,CONSTRUCTION OF OIL STORAGE,8,21-Jan-26,680,,
TSG,588,TIE WIRE #16,0,KG,CONSTRUCTION OF OIL STORAGE,1.5,21-Jan-26,142.5,,
TSG,713,ROUND STEEL BAR 10MM,0,PC/S,CONSTRUCTION OF OIL STORAGE,5,21-Jan-26,875,,
TSG,714,ROUND STEEL BAR 12MM,0,PC/S,CONSTRUCTION OF OIL STORAGE,5,21-Jan-26,1250,,
MECHANICAL,3319,A/C COMPRESSOR 1F1R,0,PC/S,-,2,13-Feb-26,117240,36023,EQUIPRIME
MECHANICAL,3320,HOSE ASSY 07F1R,0,PC/S,-,1,13-Feb-26,15461,36024,EQUIPRIME
MECHANICAL,3321,HOSE ASSY 64F1R,0,PC/S,-,1,13-Feb-26,20253,36025,EQUIPRIME
MECHANICAL,3322,REPAIR KIT 51R200,0,PC/S,-,2,13-Feb-26,7000,36026,EQUIPRIME
MECHANICAL,3323,SEAL KIT BOOM 1R100J3V,0,PC/S,-,2,13-Feb-26,5750,36027,EQUIPRIME
TSG,589,COCO LUMBER 2X3X12,0,PC/S,SAMPLE PREP ROFFING AND TABLE SCREEN RERPAIR,30,20-Feb-26,4860,,
TSG,590,COCO LUMBER 2X2X12,0,PC/S,SAMPLE PREP ROFFING AND TABLE SCREEN RERPAIR,10,20-Feb-26,1000,,
TSG,612,"CWN 3""",0,KG,SAMPLE PREP ROFFING AND TABLE SCREEN RERPAIR,5,20-Feb-26,425,,
TSG,613,"CWN 2""",0,KG,SAMPLE PREP ROFFING AND TABLE SCREEN RERPAIR,5,20-Feb-26,425,,
TSG,697,"CWN 4""",0,KG,SAMPLE PREP ROFFING AND TABLE SCREEN RERPAIR,10,20-Feb-26,850,,
TSG,830,"G.I CORR. SHEET 12""X50",0,PC/S,SAMPLE PREP ROFFING AND TABLE SCREEN RERPAIR,10,20-Feb-26,8500,,
TSG,701,CEMENT,0,BAG/S,PHASE 1 CONSTRUCTION OF MOTORPOOL,260,20-Feb-26,62400,,
TSG,589,COCO LUMBER 2X3X12,0,PC/S,SERVICE QUARTER GSMC (3 UNITS),20,20-Feb-26,3240,,
TSG,590,COCO LUMBER 2X2X12,0,PC/S,SERVICE QUARTER GSMC (3 UNITS),20,20-Feb-26,2000,,
TSG,696,COCO LUMBER 2X4X12,0,PC/S,DRIVER'S QUARTER CONSTRUCTION,50,20-Feb-26,10800,,
TSG,830,"G.I CORR. SHEET 12""X50",0,PC/S,DRIVER'S QUARTER CONSTRUCTION,50,20-Feb-26,42500,,
ADMIN,2126,PAILS,0,PC/S,VISITOR'S ROOM,2,15-Feb-26,300,,
ENGINEERING,3167,RAIN GAUGE,0,PC/S,OPERATION USE,1,14-Feb-26,0,,
TSG,584,"PLYWOOD 1/2""",0,PC/S,SERVICE QUARTER DOUBLE DECK FABRICATION,15,20-Feb-26,12750,,
TSG,589,COCO LUMBER 2X3X12,0,PC/S,SERVICE QUARTER DOUBLE DECK FABRICATION,30,20-Feb-26,4860,,
TSG,612,"CWN 3""",0,KG,SERVICE QUARTER DOUBLE DECK FABRICATION,3,28-Feb-26,255,,
TSG,613,"CWN 2""",0,KG,SERVICE QUARTER DOUBLE DECK FABRICATION,4,28-Feb-26,340,,
MECHANICAL,41,RELAY VALVE WG9000360506,0,PC/S,-,1,,3500,36024,TANGO REMEO
MECHANICAL,116,BELT TENSIONER ROLLER VG2600060313,0,PC/S,-,2,,4000,36024,TANGO REMEO
MECHANICAL,230,ALTERNATOR VG1095094002,0,ASSY.,-,4,,23200,36024,TANGO REMEO
MECHANICAL,241,COWL SHOCK WG9925680028/6,0,PC/S,-,2,,7300,36024,TANGO REMEO
MECHANICAL,863,CLUTCH MASTER CYLINDER WG9525230072/1,0,PC/S,-,1,,2500,36025,TANGO REMEO
MECHANICAL,883,POWER DIVIDER AZ9231320271,0,ASSY.,-,1,,12544,36024,TANGO REMEO
MECHANICAL,1540,BLOWER  WG1669820022/1,0,PC/S,-,2,,18000,36024,TANGO REMEO
MECHANICAL,2140,WATER PUMP VG1500060051,0,PC/S,-,1,,6575,36024,TANGO REMEO
MECHANICAL,1540,BLOWER  WG1669820022/1,0,PC/S,-,4,,36000,36025,TANGO REMEO
MECHANICAL,3326,PTO SWITCH WG9130581040,0,PC/S,-,1,,380,36025,TANGO REMEO
MECHANICAL,3327,BUCKET CYLINDER KIT YA00001392,0,KIT,-,1,,3939,36025,TANGO REMEO
MECHANICAL,3325,AIR DRIER SINO WG9000360521,0,ASSY.,-,1,,3400,36025,TANGO REMEO
MECHANICAL,2998,COWL SHOCK ABSORBER WG1642440021/2 SM HOHAN,0,PC/S,-,1,,1800,36025,TANGO REMEO
ASSAY,818,ALCOHOL,0,GAL.,ASSAY LAB AND SAMPLE PREP EQUIPMENTS,5,28-Feb-26,2570,,
ASSAY,2927,SPATULA #4,0,PC/S,ASSAY LAB AND SAMPLE PREP EQUIPMENTS,22,28-Feb-26,2750,,
ENGINEERING,334,KEYBOARD,0,UNIT/S,ENGINEERING USE,2,28-Feb-26,750,,
ADMIN,336,PRINTER NEW,0,UNIT/S,FOR MEETING USE,1,28-Feb-26,5495,,
ADMIN,2304,"TCL TV 55""",0,UNIT/S,FOR MEETING USE,1,28-Feb-26,13895,,
COMREL,701,CEMENT,0,BAG/S,CANAWAYON ROAD CONCRETING,340,25-Feb-26,81600,,
TSG,417,"POLYPROPELENE FILTER CARTRIDGE 20""",0,PC/S,-,10,08-Feb-26,5400,,
ASSAY,3330,SUPER FLEX HOSE 1/4,0,MTR/S,ASSAY LAB AND SAMPLE PREP EQUIPMENTS,20,,8500,,
WAREHOUSE,1854,WHITE BOARD 4X6,0,PC/S,WAREHOUSE USE,1,28-Feb-26,250,,
WAREHOUSE,3329,GASOLINE GAUGING PASTE,0,PC/S,FOR SOUNDING OF DIESEL TANK,1,24-Feb-26,0,,
TSG,612,"CWN 3""",0,KG,SERVICE QUARTER DOUBLE DECK FABRICATION,3,28-Feb-26,255,,
TSG,697,"CWN 4""",0,KG,SERVICE QUARTER DOUBLE DECK FABRICATION,5,28-Feb-26,425,,
COMREL,795,SACOLINE/TRAPA L12FTX100MTRS,0,ROLL/S,CONSTRUCTION OF PATH WAY FROM PORT TO BRGY ROAD BITAUGAN,1,27-Feb-26,11550,,
TSG,1031,SAFETY BREAKER 20AMP,0,PC/S,SERVICE QUARTERS ELECTRICAL INSTALLATION,2,28-Feb-26,1900,,
TSG,2216,CIRCUIT BREAKER 30A,0,PC/S,ALL OFFICES USE,2,28-Feb-26,1720,,
ADMIN,313,PILOT PERM. MARKER BLACK,0,PC/S,ALL OFFICES USE,2,28-Feb-26,110,,
ADMIN,318,STAPLE WIRE #35,0,BOX/ES,ALL OFFICES USE,10,28-Feb-26,650,,
ADMIN,665,BALLPEN BLACK,0,BOX/ES,ALL OFFICES USE,10,28-Feb-26,960,,
ADMIN,666,CORRECTION TAPE,0,PC/S,ALL OFFICES USE,20,28-Feb-26,480,,
ADMIN,667,MASKING TAPE #1,0,PC/S,ALL OFFICES USE,25,28-Feb-26,1125,,
ADMIN,668,PACKING TAPE #2,0,PC/S,ALL OFFICES USE,5,28-Feb-26,275,,
ADMIN,1104,CLIP BOARD LONG,0,PC/S,ALL OFFICES USE,10,28-Feb-26,1100,,
ADMIN,1128,STAPLE WIRE #10,0,BOX/ES,ALL OFFICES USE,5,28-Feb-26,1000,,
ADMIN,1470,BALLPEN BLACK,0,PC/S,ALL OFFICES USE,10,28-Feb-26,80,,
ADMIN,2540,MASKING TAPE #2,0,PC/S,ALL OFFICES USE,3,28-Feb-26,255,,
ADMIN,674,BOND PAPER SHORT ORDINARY,0,REAM/S,ALL OFFICES USE,5,28-Feb-26,975,,
ADMIN,309,BOND PAPER A4,0,REAMS,ALL OFFICES USE,15,28-Feb-26,3375,,
ADMIN,672,BOND PAPER LONG ordinary,0,REAM/S,ALL OFFICES USE,5,28-Feb-26,1100,,
ADMIN,674,BOND PAPER SHORT ORDINARY,0,REAM/S,ALL OFFICES USE,5,28-Feb-26,975,,
ADMIN,675,BROWN ENVELOPE LONG,0,PC/S,ALL OFFICES USE,100,28-Feb-26,600,,
ADMIN,677,EXPANDED ENVELOPE LONG,0,PC/S,ALL OFFICES USE,25,28-Feb-26,450,,
ADMIN,1103,FOLDER WHITE LONG,0,PC/S,ALL OFFICES USE,200,28-Feb-26,1600,,
ADMIN,2538,COIN ENVELOPE #7,0,BOX/ES,FINANCE USE,10,28-Feb-26,3100,,
ADMIN,583,BATTERY AA,EVEREADY,PC/S,ALL OFFICES USE,4,28-Feb-26,260,,
ADMIN,670,BATTERY AAA,EVEREADY,PC/S,ALL OFFICES USE,5,28-Feb-26,325,,
ADMIN,910,RECORD BOOK 300 PAGES,0,PC/S,ALL OFFICES USE,25,28-Feb-26,2000,,
ADMIN,918,PUSH PIN,0,BOX/ES,ALL OFFICES USE,5,28-Feb-26,100,,
ADMIN,930,RECORD BOOK 500 PAGES,0,PC/S,ALL OFFICES USE,5,28-Feb-26,510,,
ADMIN,932,RULER,0,PC/S,ALL OFFICES USE,5,28-Feb-26,35,,
ADMIN,1132,WHITE BOARD ERASER,0,PC/S,ALL OFFICES USE,4,28-Feb-26,140,,
ADMIN,1583,NOTEBOOK 80 LEAVES,0,PC/S,ALL OFFICES USE,10,28-Feb-26,450,,
ADMIN,818,ALCOHOL,0,GAL.,ALL OFFICES USE,2,28-Feb-26,1028,,
ADMIN,919,PENCIL #2,0,PC/S,ALL OFFICES USE,12,28-Feb-26,96,,
ADMIN,921,INK 5000 BLACK BROTHER,0,PC/S,ALL OFFICES USE,2,28-Feb-26,1100,,
ADMIN,922,INK BLACK 60 BK,0,PC/S,ALL OFFICES USE,3,28-Feb-26,1650,,
ADMIN,927,INK 5000 CYAN  BROTHER,0,PC/S,ALL OFFICES USE,2,28-Feb-26,3600,,
ADMIN,928,INK 5000 MAGENTA  BROTHER,0,PC/S,ALL OFFICES USE,2,28-Feb-26,3600,,
ADMIN,929,INK 5000 YELLOW BROTHER,0,PC/S,ALL OFFICES USE,2,28-Feb-26,3600,,
ADMIN,1079,INK 003 BLACK EPSON,0,PC/S,ALL OFFICES USE,4,28-Feb-26,2200,,
ADMIN,1080,INK 003 CYAN EPSON,0,PC/S,ALL OFFICES USE,2,28-Feb-26,1100,,
ADMIN,1081,INK 003 MAGENTA EPSON,0,PC/S,ALL OFFICES USE,2,28-Feb-26,1100,,
ADMIN,1082,INK 003 YELLOW EPSON,0,PC/S,ALL OFFICES USE,2,28-Feb-26,1100,,
ADMIN,288,STAR WAX FLOOR WAX,0,BOX/ES,ALL OFFICES USE,5,28-Feb-26,100,,
ADMIN,941,DISHWASHING PASTE 400G,0,PC/S,ALL OFFICES USE,14,28-Feb-26,812,,
ADMIN,946,DOWNY 660ML,0,PC/S,ALL OFFICES USE,10,28-Feb-26,1450,,
ADMIN,947,DOMEX 500ML,0,PC/S,ALL OFFICES USE,12,28-Feb-26,3000,,
ADMIN,948,GLADE FRESHENER SPRAY,0,PC/S,ALL OFFICES USE,7,28-Feb-26,1540,,
ADMIN,950,SURF POWDER 60G,0,PC/S,ALL OFFICES USE,120,28-Feb-26,720,,
ADMIN,957,ALBATROSS  W/ HANDLE,0,PC/S,ALL OFFICES USE,12,28-Feb-26,540,,
ADMIN,1471,DOWNY  SACHET,0,PC/S,ALL OFFICES USE,120,28-Feb-26,666,,
ADMIN,2957,SURF BAR,0,PC/S,ALL OFFICES USE,12,28-Feb-26,636,,
ADMIN,943,COFFEMATE 450G,0,PC/S,ALL OFFICES USE,12,28-Feb-26,1620,,
ADMIN,944,NESCAFE 200G,0,PC/S,ALL OFFICES USE,12,28-Feb-26,1968,,
ADMIN,951,BIODERM 90G,0,PC/S,ALL OFFICES USE,7,28-Feb-26,252,,
ADMIN,963,GLADE GEL,0,PC/S,ALL OFFICES USE,5,28-Feb-26,1000,,
ADMIN,1096,SAN MIG COFFEE/ SUGAR FREE,0,PACK/S,ALL OFFICES USE,10,28-Feb-26,890,,
ADMIN,2695,SKYFLAKES 10'S,0,BAG,ALL OFFICES USE,3,28-Feb-26,195,,
MECHANICAL,1238,ACETYLEN REFILL,0,TANK/S,MOTORPOOL USE,1,24-Feb-26,2000,,
WAREHOUSE,1668,PADLOCK,0,PC/S,FOR DIESEL TANKER MANHOLE,18,28-Feb-26,1350,,
WAREHOUSE,2721,RUBBER MAT,0,ROLL/S,FOR DIESEL TANKER MANHOLE,5,28-Feb-26,0,,
TSG,584,"PLYWOOD 1/2""",0,PC/S,SERVICE QUARTER DOUBLE DECK FABRICATION,15,20-Feb-26,12750,,
TSG,589,COCO LUMBER 2X3X12,0,PC/S,SERVICE QUARTER DOUBLE DECK FABRICATION,50,20-Feb-26,8100,,
NURSERY,2315,OKRA SEEDS,0,TIE,NURSERY GARDENING,5,18-Feb-26,200,,
NURSERY,2316,MUSTASA SEEDS,0,TIE,NURSERY GARDENING,5,18-Feb-26,200,,
NURSERY,2461,PECHAY SEEDS,0,PACK/S,NURSERY GARDENING,5,18-Feb-26,200,,
NURSERY,2462,SITAW SEEDS,0,PACK/S,NURSERY GARDENING,5,18-Feb-26,200,,
NURSERY,2463,EGGPLANT SEEDS,0,PACK/S,NURSERY GARDENING,5,18-Feb-26,250,,
NURSERY,3331,PATOLA SEEDS,0,PACK/S,NURSERY GARDENING,2,18-Feb-26,80,,
NURSERY,3332,AMPALAYA SEEDS,0,PACK/S,NURSERY GARDENING,8,18-Feb-26,320,,
NURSERY,3333,KAMATIS SEEDS,0,PACK/S,NURSERY GARDENING,5,18-Feb-26,200,,
TSG,224,WELDING ROD E6013,0,BAG/S,CONSTRUCTION OF MRF AND HAZARD WASTE STORAGE FACILITY,8,28-Feb-26,4160,,
TSG,383,ANGLE BAR 2X2X1/4,0,PC/S,CONSTRUCTION OF MRF AND HAZARD WASTE STORAGE FACILITY,15,28-Feb-26,23700,,
TSG,830,"G.I CORR. SHEET 12""X50",0,PC/S,CONSTRUCTION OF MRF AND HAZARD WASTE STORAGE FACILITY,40,28-Feb-26,34000,,
TSG,1161,"TEKSCREW 3"" FULL THREAD",0,PC/S,CONSTRUCTION OF MRF AND HAZARD WASTE STORAGE FACILITY,10,28-Feb-26,112.5,,
TSG,2081,C-PURLINS 2'X4'X1.5,0,PC/S,CONSTRUCTION OF MRF AND HAZARD WASTE STORAGE FACILITY,35,28-Feb-26,29750,,
TSG,2082,0.5 G.I RIDGE ROLL GREEN,0,PC/S,CONSTRUCTION OF MRF AND HAZARD WASTE STORAGE FACILITY,3,28-Feb-26,2370,,
TSG,2397,FLAT BAR 1/2,0,PC/S,CONSTRUCTION OF MRF AND HAZARD WASTE STORAGE FACILITY,60,28-Feb-26,0,,
TSG,225,WELDING ROD E6011,0,BAG/S,CONSTRUCTION OF MRF AND HAZARD WASTE STORAGE FACILITY,2,28-Feb-26,560,,
TSG,701,CEMENT,0,BAG/S,CONSTRUCTION OF MRF AND HAZARD WASTE STORAGE FACILITY,30,28-Feb-26,7200,,
TSG,301,BULB 13W 12V,FIREFLY,PC/S,CAMP SITE ELECTRICAL CONNECTION,20,28-Feb-26,2200,,
TSG,631,DOOR KNOB,0,SET/S,CAMP SITE ELECTRICAL CONNECTION,2,28-Feb-26,1500,,
TSG,699,ELECTRICAL TAPE,0,PC/S,CAMP SITE ELECTRICAL CONNECTION,10,28-Feb-26,750,,
TSG,1143,OUTLET 3 GANG,0,PC/S,CAMP SITE ELECTRICAL CONNECTION,20,28-Feb-26,3000,,
TSG,1159,"STAPLE WIRE 1""",0,BOX/ES,CAMP SITE ELECTRICAL CONNECTION,10,28-Feb-26,750,,
TSG,1164,WIRE THHN 3.5MM,0,MTR/S,CAMP SITE ELECTRICAL CONNECTION,150,28-Feb-26,8475,,
TSG,1250,"RECEPTACLE BULB 4  1/4""",0,PC/S,CAMP SITE ELECTRICAL CONNECTION,20,28-Feb-26,3000,,
TSG,1442,SINGLE SWITCH SURFACE TYPE,0,PC/S,CAMP SITE ELECTRICAL CONNECTION,20,28-Feb-26,1100,,
TSG,2544,"BLACK SCREW 1""",0,PC/S,CAMP SITE ELECTRICAL CONNECTION,50,28-Feb-26,300,,
TSG,3334,EXHAUST FAN CAPACITOR CBB61 3.5 UF,0,PC/S,CAMP SITE ELECTRICAL CONNECTION,2,24-Feb-26,900,,
COMREL,320,FASTENER,0,BOX/ES,COMREL OFFICE USE,2,28-Feb-26,48,,
COMREL,1103,FOLDER WHITE LONG,0,PC/S,COMREL OFFICE USE,100,28-Feb-26,800,,
COMREL,1125,CLEAR BOOKLONG,0,PC/S,COMREL OFFICE USE,5,28-Feb-26,1250,,
COMREL,701,CEMENT,0,BAG/S,PHASE 3 ROAD CONCRETING FO BRGY. BITAUGAN,281,26-Feb-26,67440,,
COMREL,714,ROUND STEEL BAR 12MM,0,PC/S,PHASE 3 ROAD CONCRETING FO BRGY. BITAUGAN,10,25-Feb-26,2500,,
COMREL,979,HACKSAW BLADE,0,PC/S,PHASE 3 ROAD CONCRETING FO BRGY. BITAUGAN,5,25-Feb-26,400,,
ADMIN,630,WALIS TINGTING,0,PC/S,KITCHEN UTILITY USE,5,24-Feb-26,250,,
ADMIN,949,TISSUE 9'S,0,PC/S,ALL OFFICES USE,7,28-Feb-26,623,,
ADMIN,2959,TISSUE 12'S ,0,PACK/S,ASSAY LAB AND SAMPLE PREP EQUIPMENTS,7,28-Feb-26,840,,
MECHANICAL,3342,ALTERNATOR PARTS AND REPAIR FOR HILUX,0,UNIT/S,-,1,20-Feb-26,1650,,DIMENSION'S AUTO
MECHANICAL,390,STEEL BRUSH,0,PC/S,DT'S AND TX'S RESCUE AND REPAIRS,20,28-Feb-26,1500,,M3J
NURSERY,1122,SEEDLING BAG 4X8 CM,0,PC/S,AEPEP NURSERY 2026 OPERATION,100000,28-Feb-26,100000,,
COMREL,2710,ACER DESKTOP MMTX5SP003451007632X00,0,SET/S,COMREL OFFICE USE,1,28-Feb-26,20190,,
COMREL,3351,ACER GO KIAIAG14-7IM-55Q,0,UNIT/S,COMREL OFFICE USE,1,28-Feb-26,0,,
COMREL,337,XRF AVR,0,UNIT/S,COMREL OFFICE USE,1,28-Feb-26,2200,,
COMREL,795,SACOLINE/TRAPA L12FTX100MTRS,0,ROLL/S,PHASE 3 ROAD CONCRETING FO BRGY. BITAUGAN,1,24-Feb-26,11550,,
TSG,589,COCO LUMBER 2X3X12,0,PC/S,DISPATCHER HOUSE REPAIR,14,28-Feb-26,2268,,
TSG,612,"CWN 3""",0,KG,DISPATCHER HOUSE REPAIR,6,28-Feb-26,510,,
TSG,696,COCO LUMBER 2X4X12,0,PC/S,DISPATCHER HOUSE REPAIR,8,28-Feb-26,1728,,
TSG,697,"CWN 4""",0,KG,DISPATCHER HOUSE REPAIR,2,28-Feb-26,170,,
TSG,830,"G.I CORR. SHEET 12""X50",0,PC/S,DISPATCHER HOUSE REPAIR,12,28-Feb-26,10200,,
TSG,1240,UMBRELLA NAIL,0,KG,DISPATCHER HOUSE REPAIR,3,28-Feb-26,246,,
TSG,1522,"CWN 5""",0,KG,DISPATCHER HOUSE REPAIR,3,28-Feb-26,270,,
TSG,589,COCO LUMBER 2X3X12,0,PC/S,DRAGON BASE HOUSE FABRICATION,6,28-Feb-26,972,,
TSG,610,"PLYWOOD 1/4""",0,PC/S,DRAGON BASE HOUSE FABRICATION,5,28-Feb-26,2250,,
TSG,612,"CWN 3""",0,KG,DRAGON BASE HOUSE FABRICATION,3,28-Feb-26,255,,
TSG,588,TIE WIRE #16,0,KG,WAREHOUSE STOCK,10,28-Feb-26,950,,
TSG,613,"CWN 2""",0,KG,WAREHOUSE STOCK,10,28-Feb-26,850,,
TSG,893,"CWN 2 1/2""",0,KG,WAREHOUSE STOCK,10,28-Feb-26,850,,
TSG,1106,"CWN 1 1/2""",0,KG,WAREHOUSE STOCK,10,28-Feb-26,850,,
TSG,590,COCO LUMBER 2X2X12,0,PC/S,DRAGON BASE HOUSE FABRICATION,12,28-Feb-26,1200,,
MECHANICAL,3354,"CLUTCH MASTER 8-97032847-0 1""",MIKASA,PC/S,-,2,29-Jan-26,4800,35498,M3J
MECHANICAL,3355,"CLUTCH MASTER 8-87032847-0 1""",INUVO,PC/S,-,2,29-Jan-26,2880,35498,M3J
SAFETY,3225,WELDING JACKET,0,PC/S,-,2,29-Jan-26,3700,,
MECHANICAL,3353,KING PIN KIT HOWO 371 WG971940031-5,WG971940031-5,PC/S,-,4,15-Feb-26,9692,36027,FUSION
MECHANICAL,3357,RADIATOR WG9725530011,WG9725530011,PC/S,-,2,15-Feb-26,29550,36027,FUSION
MECHANICAL,878,STARTER MOTOR VG1560090001,0,UNIT/S,-,2,15-Feb-26,31106,36027,FUSION
MECHANICAL,1212,SIDE MIRROR PASSENGER  WG 1671770120/2,HOHAN,PC/S,-,2,15-Feb-26,16000,36027,FUSION
MECHANICAL,3336,BATTERY N-150 WHLI,0,PC/S,-,2,15-Feb-26,25632,36031,FUSION
MECHANICAL,3356,CYLINDER WG9525820140-2,0,PC/S,-,5,15-Feb-26,62215,,FUSION
MECHANICAL,3358,SILICONE SEALANT BLUE(BLACK),0,PC/S,-,2,20-Feb-26,800,,
MECHANICAL,3359,FUEL HOSE 3/8 RUBBER,SUPERIOR,FT,-,20,20-Feb-26,3600,,
MECHANICAL,1056,AUTO WIRE#16,0,MTR/S,-,150,20-Feb-26,3000,,
MECHANICAL,3295,HEAD LAMPS,0,PC/S,SV-12 AND SV-13,10,20-Feb-26,2800,,
MECHANICAL,2036,IDLER PULLEY VG1062060205,0,PC/S,DT'S AND TX'S RESCUE AND REPAIRS,6,07-Mar-26,3900,,
MECHANICAL,3345,CHAIN 12MM-TAILGATE,0,MTR/S,DT- TAILGATE,10,24-Feb-26,0,,
MECHANICAL,3362,HOSE CONNECTOR METAL 14MM ,14MM,PC/S,DT'S AND TX'S RESCUE AND REPAIRS,10,11-Mar-26,2950,,M3J
MECHANICAL,3363,HOSE CONNECTOR METAL 12MM ,12MM,PC/S,DT'S AND TX'S RESCUE AND REPAIRS,10,11-Mar-26,2800,,M3J
MECHANICAL,3364,HOSE CONNECTOR METAL 10MM ,10MM,PC/S,DT'S AND TX'S RESCUE AND REPAIRS,10,11-Mar-26,2700,,M3J
MECHANICAL,3365,HOSE CONNECTOR METAL 8MM,8MM,PC/S,DT'S AND TX'S RESCUE AND REPAIRS,10,11-Mar-26,2600,,M3J
MECHANICAL,3366,HOSE CONNECTOR METAL 6MM,6MM,PC/S,DT'S AND TX'S RESCUE AND REPAIRS,10,11-Mar-26,2200,,M3J
MECHANICAL,3367,HOSE CONNECTOR METAL 4MM,4MM,PC/S,DT'S AND TX'S RESCUE AND REPAIRS,10,11-Mar-26,2000,,M3J
MECHANICAL,3368,TEE HOSE CONNECTOR 14MM,0,PC/S,DT'S AND TX'S RESCUE AND REPAIRS,10,04-Mar-26,2100,,
MECHANICAL,3369,TEE HOSE CONNECTOR 12MM,0,PC/S,DT'S AND TX'S RESCUE AND REPAIRS,10,04-Mar-26,1950,,
MECHANICAL,3370,TEE HOSE CONNECTOR 8MM,0,PC/S,DT'S AND TX'S RESCUE AND REPAIRS,10,04-Mar-26,1800,,
MECHANICAL,3371,TEE HOSE CONNECTOR 6MM,0,PC/S,DT'S AND TX'S RESCUE AND REPAIRS,10,04-Mar-26,1200,,
MECHANICAL,3360,DISC HORN 24V SEGER,0,PC/S,DT'S AND TX'S RESCUE AND REPAIRS,10,20-Feb-26,8500,,
MECHANICAL,3373,STABILIZER BUSHING WG9100680067,0,PC/S,DT'S AND TX'S RESCUE AND REPAIRS,18,28-Feb-26,21600,,
MECHANICAL,535,PLANETARY HUB O-RING 190*220,0,PC/S,DT'S AND TX'S RESCUE AND REPAIRS,30,07-Mar-26,54000,,
MECHANICAL,1963,CARBON BRUSH FOR GRINDER,0,PC/S,DT'S AND TX'S RESCUE AND REPAIRS,10,24-Feb-26,5000,,
MECHANICAL,3378,CLUTCH LINING  MINI SADAM V8 ISUZU SKW,0,PC/S,DT'S AND TX'S RESCUE AND REPAIRS,1,03-Mar-26,8500,,
MECHANICAL,3379,CRANK SHAFT OIL SEAL SADAM V8 ISUZU ,0,PC/S,DT'S AND TX'S RESCUE AND REPAIRS,1,28-Feb-26,3200,,
MECHANICAL,3382,STEEL TUBE 8MM,0,MTR/S,DT'S AND TX'S RESCUE AND REPAIRS,50,28-Feb-26,306,,
MECHANICAL,1321,SOCKET RELAY  5 PINS CIRCUIT ,0,PC/S,DT'S AND TX'S RESCUE AND REPAIRS,5,28-Feb-26,375,,
MECHANICAL,3383,BALL JOINT ROUGH THREAD,0,PC/S,DT'S AND TX'S RESCUE AND REPAIRS,10,04-Mar-26,3950,,
MECHANICAL,3384,"HOSE CLAMP 1/2"" STAINLESS STEEL",0,PC/S,DT'S AND TX'S RESCUE AND REPAIRS,14,28-Feb-26,490,,
MECHANICAL,3385,"HOSE CLAMP 3/4"" STAINLESS STEEL",0,PC/S,DT'S AND TX'S RESCUE AND REPAIRS,26,28-Feb-26,1170,,
MECHANICAL,3386,"HOSE CLAMP 1"" STAINLESS STEEL",0,PC/S,DT'S AND TX'S RESCUE AND REPAIRS,5,28-Feb-26,325,,
MECHANICAL,3388,BRAKE LIGHT BULB FOR HILUX GUIUAN 12V HANSA,HANSA,PC/S,FOR HILUX GUIUAN,1,28-Feb-26,65,,
MECHANICAL,144,OIL FILTER C-111,0,PC/S,FOR HILUX GUIUAN,1,28-Feb-26,450,,
MECHANICAL,1824,ENGINE OIL 15W40  1 LTRS FULLY SYNTHETIC ,0,PCS,FOR HILUX GUIUAN,8,28-Feb-26,5200,,
MECHANICAL,2286,WIPER BLADE FOR HILUX,0,SET/S,FOR HILUX GUIUAN,1,28-Feb-26,850,,
MECHANICAL,1773,WELDING CABLE 50MM,0,MTRS,WELDING GENSET,20,28-Feb-26,460,,
MECHANICAL,3055,BATTERY N-150 12V MOTOLITE,0,PC/S,-,20,22/02/2026-05/03/26,250000,,
MECHANICAL,3056,BATTERY N-120 12V MOTOLITE ,0,PC/S,-,14,22-Feb-26,161000,,
MECHANICAL,2557,HYDRAULIC OIL 68,0,LTR/S,DT'S AND TX'S RESCUE AND REPAIRS,90,22-Feb-26,12150,,
MECHANICAL,3389,BOTTOM ROLLER BOLT APS 8.8 HIGH TENSILE,0,PC/S,-,20,07-Mar-26,13000,,
MECHANICAL,846,TIRE 265/65 R17 1125 TUBELESS,0,PC/S,FOR HILUX GUIUAN,2,27-Feb-26,12000,,
MECHANICAL,385,WD-40 377 ML,0,PC/S,DT'S AND TX'S RESCUE AND REPAIRS,10,07-Mar-26,2000,,
MECHANICAL,3393,OIL FILTER FL-305,0,PC/S,-,2,26-Feb-26,900,,
TSG,301,BULB 13W 12V,FIREFLY,PC/S,CAUSEWAY ELECTRICAL CONNECTIONS,6,28-Feb-26,660,,
TSG,307,FIREFLY RUBBER SOCKET,0,PC/S,CAUSEWAY ELECTRICAL CONNECTIONS,6,28-Feb-26,270,,
TSG,693,OUTLET 2 GANG,0,PC/S,CAUSEWAY ELECTRICAL CONNECTIONS,1,28-Feb-26,150,,
TSG,699,ELECTRICAL TAPE,0,PC/S,CAUSEWAY ELECTRICAL CONNECTIONS,2,28-Feb-26,150,,
TSG,1159,"STAPLE WIRE 1""",0,BOX/ES,CAUSEWAY ELECTRICAL CONNECTIONS,2,28-Feb-26,150,,
TSG,1164,WIRE THHN 3.5MM,0,MTR/S,CAUSEWAY ELECTRICAL CONNECTIONS,150,28-Feb-26,8475,,
TSG,1165,UTILITY BOX,0,PC/S,CAUSEWAY ELECTRICAL CONNECTIONS,2,28-Feb-26,70,,
TSG,2028,SWITCH 2 GANG  SURFACE TYPE,0,PC/S,CAUSEWAY ELECTRICAL CONNECTIONS,1,28-Feb-26,150,,
TSG,3394,REGULATORY POWER SUPPLY,0,UNIT/S,CAUSEWAY ELECTRICAL CONNECTIONS,1,22-Feb-26,0,,
TSG,3395,ANTENNA FOR BASE RADO,0,PC/S,CAUSEWAY ELECTRICAL CONNECTIONS,1,07-Mar-26,0,,
TSG,589,COCO LUMBER 2X3X12,0,PC/S,DRAGON BASE HOUSE,4,28-Feb-26,648,,
TSG,590,COCO LUMBER 2X2X12,0,PC/S,DRAGON BASE HOUSE,4,28-Feb-26,400,,
TSG,610,"PLYWOOD 1/4""",0,PC/S,DRAGON BASE HOUSE,1,28-Feb-26,450,,
NURSERY,1107,SAWDUST,0,SACK/S,EPEP: OLD SEEDLING,10,27-Feb-26,1000,,
TSG,584,"PLYWOOD 1/2""",0,PC/S,FINANCE TABLE AND CABINET,1,28-Feb-26,850,,
TSG,610,"PLYWOOD 1/4""",0,PC/S,FINANCE TABLE AND CABINET,1,28-Feb-26,450,,
TSG,614,HINGES,0,PC/S,FINANCE TABLE AND CABINET,1,28-Feb-26,120,,
TSG,1106,"CWN 1 1/2""",0,KG,FINANCE TABLE AND CABINET,1,28-Feb-26,85,,
TSG,1384,"PLYWOOD 3/4""",0,PC/S,FINANCE TABLE AND CABINET,2,28-Feb-26,2900,,
TSG,1384,"PLYWOOD 3/4""",0,PC/S,MEPEO CABINET,1,28-Feb-26,1450,,
TSG,3396,"DRAWER GUIDE 16""",0,PC/S,FINANCE TABLE AND CABINET,2,28-Feb-26,1030,,
TSG,3397,DRAWER HANDLE,0,PC/S,FINANCE TABLE AND CABINET,6,28-Feb-26,330,,
TSG,3398,DRAWER LOCK,0,PC/S,FINANCE TABLE AND CABINET,6,28-Feb-26,720,,
TSG,589,COCO LUMBER 2X3X12,0,PC/S,LAUNDRY AREA ROOF EXTENSION,6,28-Feb-26,972,,
TSG,696,COCO LUMBER 2X4X12,0,PC/S,LAUNDRY AREA ROOF EXTENSION,10,28-Feb-26,2160,,
TSG,830,"G.I CORR. SHEET 12""X50",0,PC/S,LAUNDRY AREA ROOF EXTENSION,10,28-Feb-26,8500,,
TSG,837,G.I PLAIN SHEET 40 GUAGE,0,PC/S,LAUNDRY AREA ROOF EXTENSION,2,28-Feb-26,960,,
TSG,1240,UMBRELLA NAIL,0,KG,LAUNDRY AREA ROOF EXTENSION,4,28-Feb-26,328,,
TSG,2908,"HINGES 3""",0,PC/S,LAUNDRY AREA ROOF EXTENSION,5,28-Feb-26,1000,,
TSG,2910,"HINGES 4""",0,PC/S,LAUNDRY AREA ROOF EXTENSION,5,28-Feb-26,1000,,
MECHANICAL,1237,OXYGEN REFILL,0,TANK/S,MOTORPOOL USE,3,24-Feb-26,2700,,
MECHANICAL,1238,ACETYLEN REFILL,0,TANK/S,MOTORPOOL USE,2,24-Feb-26,4000,,
SAFETY,315,PILOT WHITE BOARD  MARKER REFILL INK BLACK,0,PC/S,SAFETY USE,10,11-Mar-26,850,,
SAFETY,665,BALLPEN BLACK,0,BOX/ES,SAFETY USE,12,11-Mar-26,1152,,
SAFETY,910,RECORD BOOK 300 PAGES,0,PC/S,SAFETY USE,15,11-Mar-26,1200,,
COMREL,838,SHOVEL POINTED,0,PC/S,PHASE 3 ROAD CONCRETING FO BRGY. BITAUGAN,3,25-Feb-26,1350,,
ADMIN,1241,CALCULATOR,0,PC/S,FINANCE USE,1,28-Feb-26,350,,
ADMIN,2439,CASH BOX,0,PC/S,FINANCE USE,1,28-Feb-26,0,,
ADMIN,1073,INK  790 CYAN CANON,0,PC/S,-,4,28-Feb-26,2200,,
ADMIN,1074,INK 790 MAGENTA CANON,0,PC/S,ALL OFFICES USE,4,28-Feb-26,2200,,
ADMIN,1075,INK 790 YELLOW CANON,0,PC/S,ALL OFFICES USE,4,28-Feb-26,2200,,
ADMIN,3400,SIGNAL DECODR,0,UNIT/S,ALL OFFICES USE,1,27-Feb-26,0,,
MECHANICAL,2867,HOSE ASSY. LQ20M01407F1R,0,PC/S,-,1,06-Mar-26,10435,36032,EQUIPRIME
MECHANICAL,3321,HOSE ASSY 64F1R,0,PC/S,-,1,06-Mar-26,20253,36032,EQUIPRIME
MECHANICAL,1246,AIR CLEANER OUTER,0,PC/S,PMS TX-01; TX-03,1,06-Mar-26,7058,36032,EQUIPRIME
MECHANICAL,1247,AIR CLEANER INNER,0,PC/S,PMS TX-01; TX-03,1,06-Mar-26,3640,36032,EQUIPRIME
MECHANICAL,3148,"HYDRAULIC FILTER, RETURN",0,PC/S,PMS TX-01; TX-03,2,06-Mar-26,18736,36032,EQUIPRIME
MECHANICAL,3206,FUEL FILTER YN21P01157R100J1J,0,PC/S,PMS TX-01; TX-03,5,06-Mar-26,16550,36032,EQUIPRIME
MECHANICAL,3319,A/C COMPRESSOR 1F1R,0,PC/S,-,1,06-Mar-26,58620,36032,EQUIPRIME
ENGINEERING,2617,MOUSE PHILLIP BRAND,0,PC/S,ENGINEERING USE,2,11-Mar-26,600,,
MECHANICAL,129,EVAPORATOR WG1671820027,0,PC/S,-,10,22-Jan-26,80000,,ALPHATRUK
MECHANICAL,855,AIRCON COMPRESSOR WG1500939006,0,ASSY.,-,10,22-Jan-26,110000,,ALPHATRUK
MECHANICAL,3337,BLOWER ASSY. WG1671820032,WG1671820032,PC/S,-,10,22-Jan-26,35000,,ALPHATRUK
MECHANICAL,3339,AIR CONDITIONER CONTROL WG1671820083,WG1671820083,PC/S,-,10,22-Jan-26,36000,,ALPHATRUK
MECHANICAL,3340,CONDENSER ASSY. WG1671820050,WG1671820050,PC/S,-,10,22-Jan-26,44000,,ALPHATRUK
MECHANICAL,3405,HIGH PRESSURE PIPLINE WG1671820061,0,PC/S,-,4,22-Jan-26,5600,,ALPHATRUK
MECHANICAL,3407,LOW PRESSURE PIPELINE ASSY. WG1671820062,0,PC/S,-,7,22-Jan-26,8400,,ALPHATRUK
MECHANICAL,3408,BELT 6PK1135/WG1500130,0,PC/S,-,10,22-Jan-26,4500,,ALPHATRUK
MECHANICAL,217,CONDENSER WG1664820116,0,PC/S,-,10,22-Jan-26,50000,,ALPHATRUK
MECHANICAL,465,BELT 6PK1020,0,PC/S,-,10,22-Jan-26,5200,,ALPHATRUK
MECHANICAL,866,EVAPORATOR WG1664820014,0,PC/S,-,10,22-Jan-26,65000,,ALPHATRUK
MECHANICAL,1174,AIRCON COMPRESSOR WG1500139008,0,PC/S,-,10,22-Jan-26,140000,,ALPHATRUK
MECHANICAL,1941,A/C HOSE WG1664820118/01084,0,PC/S,-,10,22-Jan-26,29000,,ALPHATRUK
MECHANICAL,3337,BLOWER ASSY. WG1671820032,WG1671820032,PC/S,-,10,22-Jan-26,35000,,ALPHATRUK
MECHANICAL,3409,OPERATION PANEL WG1664820003,0,PC/S,-,10,22-Jan-26,36000,,ALPHATRUK
MECHANICAL,3410,PRESSURE HOSE SEC WG1664820155,0,PC/S,-,10,22-Jan-26,18000,,ALPHATRUK
MECHANICAL,3411,COLD-EVAPORATOR SEC PIPE WG1664823018,0,PC/S,-,10,22-Jan-26,20000,,ALPHATRUK
MECHANICAL,3412,STEAM-HOSE AT CONDENSER WG1664820152,0,PC/S,-,10,22-Jan-26,4800,,ALPHATRUK
MECHANICAL,3403,WHEEL CYLINDER MB-060571 RH,0,PC/S,-,2,22-Feb-26,7600,35901,M3J
MECHANICAL,3404,WHEEL CYLINDER MB-060570 LH,0,PC/S,-,2,22-Feb-26,7600,35901,M3J
ASSAY,390,STEEL BRUSH,0,PC/S,ASSAY LAB AND SAMPLE PREP EQUIPMENTS,15,11-Mar-26,1125,,
COMREL,2545,GRCT T-SHIRT,0,PC/S,-,160,,0,,
COMREL,2546,GRCT CALENDAR,0,PC/S,-,200,,0,,
TSG,3424,PIANO HINGES,0,PC/S,FINANCE TABLE AND CABINET,1,28-Feb-26,320,,
MECHANICAL,3347,RUBBER BEARING REAR,0,PC/S,-,20,06-Mar-26,4980,,FUSION
MECHANICAL,3348,STEERING PUMP 471016,0,PC/S,-,1,07-Mar-26,8000,,FUSION
MECHANICAL,3425,HOSE WG9100470107,0,PC/S,-,2,07-Mar-26,734,,FUSION
MECHANICAL,384,INTERCOOLER WG9525530003/2,0,PC/S,-,2,06-Mar-26,35806,,FUSION
MECHANICAL,867,FUEL TANK  WG725550300/1,0,ASSY.,-,3,06-Mar-26,73026,,FUSION
MECHANICAL,3430,TRUNION SHAFT ,0,PC/S,-,1,07-Mar-26,7500,35913,M3J
MECHANICAL,3431,TRUNION LOCK,0,PC/S,-,2,07-Mar-26,2400,35913,M3J
MECHANICAL,3432,TRUNION SPACER,0,PC/S,-,2,07-Mar-26,1500,35913,M3J
MECHANICAL,3428,RADIATOR FOR CLEANING,0,PC/S,-,1,11-Mar-26,0,,
MECHANICAL,3428,RADIATOR FOR CLEANING,0,PC/S,-,1,11-Mar-26,0,,
MECHANICAL,747,CUTTING DISC,0,PC/S,DT'S AND TX'S RESCUE AND REPAIRS,250,11-Mar-26,8750,,M3J
MECHANICAL,1249,"FILTER, ENGINE OIL VHS156072190JMZ05A04A02",0,PC/S,-,2,,7280,36032,EQUIPRIME
ASSAY,585,AIR GUN,0,PC/S,ASSAY LAB AND SAMPLE PREP EQUIPMENTS,7,11-Mar-26,6020,,
MECHANICAL,1457,BATTERY N-70AH 3SM,MOTOLITE ENDURO,PC/S,DT'S AND TX'S RESCUE AND REPAIRS,6,,51000,35920,M3J
MECHANICAL,3318,BATTERY N-150 POWER READY,0,PC/S,DT'S AND TX'S RESCUE AND REPAIRS,10,,125000,35920,M3J
MECHANICAL,577,HOSE CONNECTOR 12MM,PLASTIC,PC/S,DT'S AND TX'S RESCUE AND REPAIRS,5,11-Mar-26,1200,,M3J
MECHANICAL,977,HOSE CONNECTOR 6MM,PLASTIC,PC/S,DT'S AND TX'S RESCUE AND REPAIRS,5,11-Mar-26,750,,M3J
MECHANICAL,1058,HOSE CONNECTOR 10MM,PLASTIC,PC/S,DT'S AND TX'S RESCUE AND REPAIRS,5,11-Mar-26,1100,,M3J
MECHANICAL,1275,HOSE CONNECTOR 14MM,PLASTIC,PC/S,DT'S AND TX'S RESCUE AND REPAIRS,5,11-Mar-26,825,,M3J
MECHANICAL,1278,HOSE CONNECTOR 8MM,PLASTIC,PC/S,DT'S AND TX'S RESCUE AND REPAIRS,5,11-Mar-26,825,,M3J
MECHANICAL,1361,HOSE CONNECTOR 16MM,PLASTIC,PC/S,DT'S AND TX'S RESCUE AND REPAIRS,5,11-Mar-26,825,,M3J
MECHANICAL,1362,HOSE CONNECTOR 4MM,PLASTIC,PC/S,DT'S AND TX'S RESCUE AND REPAIRS,5,11-Mar-26,600,,M3J
MECHANICAL,3483,FUEL PUMP ASYY. 4HJ1 8-94369260,0,ASSY.,FT-02,1,11-Mar-26,1650,,M3J
MECHANICAL,3496,RUBBER BOOTS/DUMPER,0,PC/S,SV-13,2,12-Mar-26,7000,,M3J
MECHANICAL,1057,BATTERY CLAMP,0,PC/S,-,20,12-Mar-26,900,,GES
,,, ,,,,,,,
,,,,,,,,,,
,,,,, ,,,,,
